<?xml version="1.0" encoding="UTF-8"?>
<jcr:root xmlns:sling="http://sling.apache.org/jcr/sling/1.0" xmlns:cq="http://www.day.com/jcr/cq/1.0" xmlns:jcr="http://www.jcp.org/jcr/1.0" xmlns:nt="http://www.jcp.org/jcr/nt/1.0"
          jcr:primaryType="nt:unstructured"
          jcr:title="NavigationList"
          sling:resourceType="cq/gui/components/authoring/dialog">
<content
        jcr:primaryType="nt:unstructured"
        sling:resourceType="granite/ui/components/coral/foundation/container">
    <items jcr:primaryType="nt:unstructured">
        <tabs
                jcr:primaryType="nt:unstructured"
                sling:resourceType="granite/ui/components/coral/foundation/tabs">
            <items jcr:primaryType="nt:unstructured">
                <navigations
                        jcr:primaryType="nt:unstructured"
                        sling:resourceType="granite/ui/components/coral/foundation/form/multifield"
                        composite="{Boolean}true"
                        jcr:title="Navigation List">
                    <field
                            jcr:primaryType="nt:unstructured"
                            sling:resourceType="granite/ui/components/coral/foundation/container"
                            name="./navigations">
                        <items jcr:primaryType="nt:unstructured">
                            <title jcr:primaryType="nt:unstructured"
                                  sling:resourceType="granite/ui/components/coral/foundation/form/textfield"
                                  fieldLabel="Title"
                                  name="./title"/>
                            <link
                                    jcr:primaryType="nt:unstructured"
                                    sling:resourceType="granite/ui/components/coral/foundation/form/pathfield"
                                    fieldLabel="Link"
                                    rootpath="/content/teamRedProject"
                                    name="./link"/>
                        </items>
                    </field>
                </navigations>
            </items>
        </tabs>
    </items>
</content>
</jcr:root>