<?xml version="1.0" encoding="UTF-8"?>
<jcr:root xmlns:sling="http://sling.apache.org/jcr/sling/1.0" xmlns:cq="http://www.day.com/jcr/cq/1.0" xmlns:jcr="http://www.jcp.org/jcr/1.0" xmlns:nt="http://www.jcp.org/jcr/nt/1.0"
          jcr:primaryType="nt:unstructured"
          jcr:title="MultiCard"
          sling:resourceType="cq/gui/components/authoring/dialog">
<content
        jcr:primaryType="nt:unstructured"
        sling:resourceType="granite/ui/components/coral/foundation/container">
    <items jcr:primaryType="nt:unstructured">
        <tabs
                jcr:primaryType="nt:unstructured"
                sling:resourceType="granite/ui/components/coral/foundation/tabs">
            <items jcr:primaryType="nt:unstructured">
                <multicard
                        jcr:primaryType="nt:unstructured"
                        sling:resourceType="granite/ui/components/coral/foundation/form/multifield"
                        composite="{Boolean}true"
                        jcr:title="MultiCard"
                        fieldLabel="Card"
                        fieldDescription="Click '+' to add a new card">
                    <field
                            jcr:primaryType="nt:unstructured"
                            sling:resourceType="granite/ui/components/coral/foundation/container"
                            name="./cards">
                        <items jcr:primaryType="nt:unstructured">
                            <title jcr:primaryType="nt:unstructured"
                                  sling:resourceType="granite/ui/components/coral/foundation/form/textfield"
                                  fieldLabel="Title"
                                  name="./title"/>
                            <description
                                    jcr:primaryType="nt:unstructured"
                                    sling:resourceType="granite/ui/components/coral/foundation/form/textarea"
                                    fieldLabel="Description"
                                    name="./description"/>
                            <buttonPrimary
                                    jcr:primaryType="nt:unstructured"
                                    sling:resourceType="granite/ui/components/coral/foundation/form/textfield"
                                    fieldLabel="Button Primary"
                                    name="./buttonPrimary"/>
                            <buttonSecondary
                                    jcr:primaryType="nt:unstructured"
                                    sling:resourceType="granite/ui/components/coral/foundation/form/textfield"
                                    fieldLabel="Button Secondary"
                                    name="./buttonSecondary"/>
                        </items>
                    </field>
                </multicard>
            </items>
        </tabs>
    </items>
</content>
</jcr:root>